<?xml version="1.0" encoding="UTF-8"?>
<project-private xmlns="http://www.netbeans.org/ns/project-private/1">
    <editor-bookmarks xmlns="http://www.netbeans.org/ns/editor-bookmarks/2" lastBookmarkId="0"/>
    <open-files xmlns="http://www.netbeans.org/ns/projectui-open-files/2">
        <group>
            <file>file:/C:/wamp/www/git/ViewPal/application/views/static/body/whyviewpal.php</file>
            <file>file:/C:/wamp/www/git/ViewPal/public/css/viewpal.css</file>
            <file>file:/C:/wamp/www/git/ViewPal/application/controllers/welcome.php</file>
            <file>file:/C:/wamp/www/git/ViewPal/application/config/routes.php</file>
            <file>file:/C:/wamp/www/git/ViewPal/application/controllers/tutorials.php</file>
            <file>file:/C:/wamp/www/git/ViewPal/application/views/static/body/index.php</file>
        </group>
    </open-files>
</project-private>
